,labelPb,labelSrNd
666,4.0,4.0
858,4.0,4.0
931,4.0,4.0
945,4.0,4.0
2002,4.0,4.0
2012,4.0,4.0
2079,4.0,4.0
2084,4.0,4.0
2330,4.0,4.0
2334,4.0,4.0
2335,4.0,4.0
2338,4.0,4.0
2340,4.0,4.0
2726,4.0,4.0
2728,4.0,4.0
2729,4.0,4.0
2731,4.0,4.0
2732,4.0,4.0
2733,4.0,4.0
2734,4.0,4.0
2735,4.0,4.0
2736,4.0,4.0
2737,4.0,4.0
4002,4.0,4.0
4063,4.0,4.0
4521,4.0,4.0
4668,4.0,4.0
4686,4.0,4.0
4694,4.0,4.0
4717,4.0,4.0
4723,4.0,4.0
4724,4.0,4.0
4726,4.0,4.0
4742,4.0,4.0
4753,4.0,4.0
4780,4.0,4.0
4781,4.0,4.0
4783,4.0,4.0
4784,3.0,3.0
4786,4.0,4.0
4788,4.0,4.0
4789,4.0,4.0
4812,4.0,4.0
4866,3.0,3.0
4960,4.0,4.0
4966,4.0,4.0
4967,4.0,4.0
4969,4.0,4.0
4982,4.0,4.0
4983,4.0,4.0
4985,4.0,4.0
5015,4.0,4.0
5019,4.0,4.0
5126,4.0,4.0
5127,4.0,4.0
5128,4.0,4.0
5129,4.0,4.0
5130,4.0,4.0
5131,4.0,4.0
5133,4.0,4.0
5134,4.0,4.0
5135,4.0,4.0
5136,4.0,4.0
5137,4.0,4.0
5138,4.0,4.0
5139,4.0,4.0
5140,4.0,4.0
5141,4.0,4.0
5142,4.0,4.0
5143,4.0,4.0
5144,4.0,4.0
5145,4.0,4.0
5146,4.0,4.0
5322,4.0,4.0
5323,4.0,4.0
5327,4.0,4.0
5329,4.0,4.0
5349,4.0,4.0
5351,4.0,4.0
5352,4.0,4.0
5354,4.0,4.0
5358,4.0,4.0
5359,4.0,4.0
5361,4.0,4.0
5374,4.0,4.0
5528,4.0,4.0
5548,4.0,4.0
5550,4.0,4.0
5551,4.0,4.0
5555,4.0,4.0
5572,4.0,4.0
5592,4.0,4.0
5601,4.0,4.0
5648,4.0,4.0
5650,4.0,4.0
5651,4.0,4.0
5652,4.0,4.0
5654,4.0,4.0
5657,4.0,4.0
5658,4.0,4.0
5665,4.0,4.0
5679,4.0,4.0
5718,4.0,4.0
5719,4.0,4.0
5721,4.0,4.0
5744,4.0,4.0
5745,4.0,4.0
5758,4.0,4.0
5759,4.0,4.0
5777,4.0,4.0
5801,4.0,4.0
5802,4.0,4.0
5803,4.0,4.0
5807,4.0,4.0
5811,4.0,4.0
5812,4.0,4.0
5813,4.0,4.0
5835,4.0,4.0
5843,4.0,4.0
5846,4.0,4.0
5913,4.0,4.0
5914,4.0,4.0
5920,4.0,4.0
5939,4.0,4.0
5941,4.0,4.0
5942,4.0,4.0
5944,4.0,4.0
5945,4.0,4.0
5947,4.0,4.0
6630,1.0,1.0
6631,1.0,1.0
7723,4.0,4.0
7875,0.0,0.0
7908,1.0,1.0
7915,1.0,1.0
7917,1.0,1.0
7920,4.0,4.0
7921,1.0,1.0
7934,4.0,4.0
7939,4.0,4.0
7940,4.0,4.0
8173,4.0,4.0
8175,4.0,4.0
8176,4.0,4.0
8178,4.0,4.0
8181,4.0,4.0
8194,4.0,4.0
8200,4.0,4.0
8203,4.0,4.0
8206,4.0,4.0
8249,1.0,1.0
8534,4.0,4.0
8643,1.0,1.0
8644,1.0,1.0
8646,1.0,1.0
8650,1.0,1.0
8652,1.0,1.0
8658,1.0,1.0
8660,1.0,1.0
9267,1.0,1.0
9268,1.0,1.0
9269,1.0,1.0
9270,1.0,1.0
9271,1.0,1.0
9272,1.0,1.0
9273,1.0,1.0
9274,1.0,1.0
9275,1.0,1.0
9276,1.0,1.0
9291,1.0,1.0
9304,1.0,1.0
9306,1.0,1.0
9307,1.0,1.0
9309,1.0,1.0
9314,1.0,1.0
9395,1.0,1.0
9396,1.0,1.0
9397,1.0,1.0
9398,1.0,1.0
9399,1.0,1.0
9400,1.0,1.0
9407,1.0,1.0
9409,1.0,1.0
9412,1.0,1.0
9416,1.0,1.0
9423,1.0,1.0
9424,1.0,1.0
9426,1.0,1.0
9428,1.0,1.0
9454,1.0,1.0
9490,1.0,1.0
9491,1.0,1.0
9492,1.0,1.0
9508,1.0,1.0
9509,1.0,1.0
9510,1.0,1.0
9531,1.0,1.0
9539,1.0,1.0
9742,4.0,4.0
9744,4.0,4.0
9782,4.0,4.0
9783,4.0,4.0
9802,4.0,4.0
9803,4.0,4.0
9804,4.0,4.0
9819,4.0,4.0
9822,3.0,3.0
9825,3.0,3.0
9878,4.0,4.0
9885,4.0,4.0
9886,4.0,4.0
9888,4.0,4.0
9889,4.0,4.0
9891,4.0,4.0
10029,4.0,4.0
10176,4.0,4.0
10999,1.0,1.0
11000,1.0,1.0
11024,3.0,3.0
14727,3.0,3.0
14732,3.0,3.0
14898,2.0,2.0
14900,2.0,2.0
14901,2.0,2.0
15026,4.0,4.0
15038,4.0,4.0
15267,4.0,4.0
15382,3.0,3.0
15385,3.0,3.0
15987,4.0,4.0
15999,4.0,4.0
16617,4.0,4.0
16625,4.0,4.0
16626,4.0,4.0
16646,4.0,4.0
16647,4.0,4.0
16648,4.0,4.0
16649,4.0,4.0
16650,4.0,4.0
16653,4.0,4.0
16656,4.0,4.0
16657,4.0,4.0
16659,4.0,4.0
16662,4.0,4.0
16664,4.0,4.0
16675,4.0,4.0
16684,4.0,4.0
16710,4.0,4.0
16712,4.0,4.0
16751,4.0,4.0
16766,4.0,4.0
16769,4.0,4.0
16770,4.0,4.0
16771,4.0,4.0
16776,4.0,4.0
16777,4.0,4.0
16781,4.0,4.0
16782,4.0,4.0
16786,4.0,4.0
16787,4.0,4.0
16809,4.0,4.0
16870,4.0,4.0
16969,4.0,4.0
16991,4.0,4.0
17001,4.0,4.0
17003,4.0,4.0
17005,4.0,4.0
17049,4.0,4.0
17051,4.0,4.0
17112,3.0,3.0
17119,3.0,3.0
19299,1.0,1.0
20271,1.0,1.0
20277,1.0,1.0
20424,4.0,4.0
20426,4.0,4.0
20430,4.0,4.0
20431,4.0,4.0
20578,4.0,4.0
20593,3.0,3.0
20628,4.0,4.0
20659,4.0,4.0
20666,4.0,4.0
21919,4.0,4.0
22434,4.0,4.0
22522,4.0,4.0
22523,4.0,4.0
22533,4.0,4.0
22534,4.0,4.0
22536,4.0,4.0
22538,4.0,4.0
22539,4.0,4.0
22540,4.0,4.0
22552,4.0,4.0
22615,4.0,4.0
22616,4.0,4.0
22623,4.0,4.0
22624,4.0,4.0
22625,4.0,4.0
22626,4.0,4.0
22627,4.0,4.0
22628,4.0,4.0
22632,4.0,4.0
22633,4.0,4.0
22634,4.0,4.0
22636,4.0,4.0
22643,4.0,4.0
22645,4.0,4.0
22650,4.0,4.0
22652,4.0,4.0
22661,4.0,4.0
22663,4.0,4.0
22665,4.0,4.0
22666,4.0,4.0
22695,4.0,4.0
22903,4.0,4.0
22952,4.0,4.0
22954,4.0,4.0
22955,4.0,4.0
22964,4.0,4.0
23033,4.0,4.0
23034,4.0,4.0
23110,4.0,4.0
23120,4.0,4.0
23308,3.0,3.0
23321,3.0,3.0
23332,3.0,3.0
23336,3.0,3.0
23490,3.0,3.0
23491,3.0,3.0
23492,3.0,3.0
23493,3.0,3.0
23495,3.0,3.0
23496,3.0,3.0
23497,3.0,3.0
23498,3.0,3.0
23499,3.0,3.0
23500,3.0,3.0
23537,3.0,3.0
23702,3.0,3.0
23711,3.0,3.0
23712,3.0,3.0
23713,3.0,3.0
23714,3.0,3.0
23715,2.0,2.0
23759,4.0,4.0
23760,4.0,4.0
23761,4.0,4.0
23762,4.0,4.0
23764,4.0,4.0
23798,4.0,4.0
23801,4.0,4.0
23818,4.0,4.0
23820,4.0,4.0
23838,4.0,4.0
23839,4.0,4.0
23840,4.0,4.0
23843,4.0,4.0
23844,4.0,4.0
23846,4.0,4.0
23847,4.0,4.0
23849,4.0,4.0
23850,4.0,4.0
23874,4.0,4.0
23876,4.0,4.0
23877,4.0,4.0
23880,4.0,4.0
23881,4.0,4.0
23883,3.0,3.0
23884,4.0,4.0
23886,4.0,4.0
23887,4.0,4.0
24118,3.0,3.0
24137,3.0,3.0
24419,3.0,3.0
24420,3.0,3.0
24467,3.0,3.0
24470,3.0,3.0
24473,3.0,3.0
24474,3.0,3.0
24479,2.0,2.0
24495,3.0,3.0
24496,3.0,3.0
24513,3.0,3.0
24518,3.0,3.0
24519,3.0,3.0
24520,3.0,3.0
24521,3.0,3.0
24524,3.0,3.0
24525,3.0,3.0
24527,3.0,3.0
24528,3.0,3.0
24544,2.0,2.0
24570,2.0,2.0
24572,3.0,3.0
24576,3.0,3.0
24577,3.0,3.0
24582,3.0,3.0
24583,3.0,3.0
24618,2.0,2.0
24620,2.0,2.0
24751,4.0,4.0
24822,4.0,4.0
24828,4.0,4.0
24829,4.0,4.0
24831,4.0,4.0
24834,4.0,4.0
24836,4.0,4.0
24837,4.0,4.0
24840,4.0,4.0
24844,4.0,4.0
24846,4.0,4.0
24848,4.0,4.0
24850,4.0,4.0
24869,4.0,4.0
24879,3.0,3.0
24883,3.0,3.0
24884,3.0,3.0
24886,3.0,3.0
24906,3.0,3.0
24930,4.0,4.0
24935,4.0,4.0
24937,3.0,3.0
25179,3.0,3.0
25207,3.0,3.0
25232,3.0,3.0
25233,3.0,3.0
25234,3.0,3.0
25235,3.0,3.0
25236,3.0,3.0
25237,3.0,3.0
25238,3.0,3.0
25241,3.0,3.0
25242,3.0,3.0
25243,3.0,3.0
25392,3.0,3.0
25393,3.0,3.0
25395,3.0,3.0
25397,3.0,3.0
25398,3.0,3.0
25400,3.0,3.0
25401,3.0,3.0
25404,3.0,3.0
25405,3.0,3.0
25406,3.0,3.0
25410,3.0,3.0
25414,3.0,3.0
25460,3.0,3.0
25461,3.0,3.0
25462,3.0,3.0
25463,3.0,3.0
25464,3.0,3.0
25503,4.0,4.0
25504,4.0,4.0
25510,4.0,4.0
25513,4.0,4.0
25528,3.0,3.0
25753,2.0,2.0
25755,3.0,3.0
25756,3.0,3.0
25757,3.0,3.0
25759,3.0,3.0
25768,3.0,3.0
25817,4.0,4.0
25818,4.0,4.0
25993,3.0,3.0
25994,3.0,3.0
25999,3.0,3.0
26004,3.0,3.0
26008,3.0,3.0
26014,3.0,3.0
26059,4.0,4.0
26062,4.0,4.0
26109,4.0,4.0
26112,4.0,4.0
26113,4.0,4.0
26124,3.0,3.0
26138,3.0,3.0
26140,3.0,3.0
26144,3.0,3.0
26145,3.0,3.0
26167,3.0,3.0
26176,3.0,3.0
26177,3.0,3.0
26182,3.0,3.0
26189,3.0,3.0
26190,3.0,3.0
26192,3.0,3.0
26611,3.0,3.0
26612,3.0,3.0
26613,3.0,3.0
26615,3.0,3.0
26616,3.0,3.0
26617,3.0,3.0
26618,3.0,3.0
26619,3.0,3.0
26620,3.0,3.0
26627,3.0,3.0
26628,3.0,3.0
26630,3.0,3.0
26666,3.0,3.0
26719,3.0,3.0
26725,2.0,2.0
26728,3.0,3.0
26730,3.0,3.0
26731,3.0,3.0
26733,3.0,3.0
26737,3.0,3.0
26740,4.0,4.0
26741,3.0,3.0
26742,3.0,3.0
26894,3.0,3.0
26898,3.0,3.0
26901,3.0,3.0
26909,3.0,3.0
26918,3.0,3.0
26924,3.0,3.0
26925,4.0,4.0
26991,3.0,3.0
26992,3.0,3.0
26993,3.0,3.0
26995,3.0,3.0
26997,3.0,3.0
27013,3.0,3.0
27014,3.0,3.0
27017,3.0,3.0
27019,3.0,3.0
27020,3.0,3.0
27033,3.0,3.0
27118,4.0,4.0
27123,4.0,4.0
27124,4.0,4.0
27146,4.0,4.0
27150,4.0,4.0
27152,4.0,4.0
27225,4.0,4.0
27226,3.0,3.0
27227,3.0,3.0
27245,4.0,4.0
27279,4.0,4.0
27280,4.0,4.0
27281,4.0,4.0
27283,4.0,4.0
27284,4.0,4.0
27286,4.0,4.0
27287,4.0,4.0
27288,4.0,4.0
27291,4.0,4.0
27292,3.0,3.0
27293,4.0,4.0
27294,4.0,4.0
27295,4.0,4.0
27299,3.0,3.0
27301,4.0,4.0
27303,4.0,4.0
27304,4.0,4.0
27305,4.0,4.0
27320,4.0,4.0
27325,3.0,3.0
27389,4.0,4.0
27390,4.0,4.0
27415,4.0,4.0
27416,4.0,4.0
27417,4.0,4.0
27419,4.0,4.0
27420,4.0,4.0
27421,4.0,4.0
27445,2.0,2.0
27630,3.0,3.0
27631,3.0,3.0
27709,4.0,4.0
27711,4.0,4.0
27712,4.0,4.0
27716,4.0,4.0
27717,4.0,4.0
27719,4.0,4.0
27720,4.0,4.0
27721,4.0,4.0
27722,4.0,4.0
27723,4.0,4.0
27763,2.0,2.0
27775,2.0,2.0
27780,2.0,2.0
27787,2.0,2.0
27810,2.0,2.0
27811,2.0,2.0
27814,2.0,2.0
27865,3.0,3.0
27867,3.0,3.0
27868,3.0,3.0
27870,4.0,4.0
28024,4.0,4.0
28247,3.0,3.0
28248,3.0,3.0
28249,3.0,3.0
28356,4.0,4.0
28444,2.0,2.0
28454,2.0,2.0
28686,3.0,3.0
28688,3.0,3.0
28689,4.0,4.0
28691,3.0,3.0
28694,3.0,3.0
28994,3.0,3.0
28997,3.0,3.0
29024,3.0,3.0
29025,3.0,3.0
29026,3.0,3.0
29027,3.0,3.0
29576,2.0,2.0
29577,2.0,2.0
29579,2.0,2.0
29580,2.0,2.0
29581,2.0,2.0
29584,2.0,2.0
30379,4.0,4.0
31197,3.0,3.0
31985,2.0,2.0
31986,2.0,2.0
32118,3.0,3.0
32194,4.0,4.0
32248,4.0,4.0
32249,4.0,4.0
32251,4.0,4.0
32252,4.0,4.0
32253,4.0,4.0
33441,4.0,4.0
33442,4.0,4.0
33585,4.0,4.0
33587,4.0,4.0
33589,4.0,4.0
34144,3.0,3.0
34374,3.0,3.0
34390,3.0,3.0
34607,3.0,3.0
34624,3.0,3.0
34648,3.0,3.0
34654,3.0,3.0
34677,3.0,3.0
34751,3.0,3.0
35256,3.0,3.0
35393,3.0,3.0
35394,3.0,3.0
35407,3.0,3.0
35408,3.0,3.0
35409,3.0,3.0
35410,3.0,3.0
35411,3.0,3.0
35413,3.0,3.0
35415,3.0,3.0
35457,3.0,3.0
35458,3.0,3.0
35463,2.0,2.0
36440,2.0,2.0
36441,2.0,2.0
36530,1.0,1.0
36616,3.0,3.0
36620,3.0,3.0
36622,4.0,4.0
36623,4.0,4.0
36660,3.0,3.0
36799,4.0,4.0
36821,4.0,4.0
36823,4.0,4.0
36826,4.0,4.0
36996,4.0,4.0
36997,4.0,4.0
36998,4.0,4.0
36999,4.0,4.0
37000,4.0,4.0
37009,3.0,3.0
37056,3.0,3.0
37114,4.0,4.0
37120,4.0,4.0
37128,4.0,4.0
37135,3.0,3.0
37136,4.0,4.0
37140,4.0,4.0
37142,4.0,4.0
37313,3.0,3.0
37322,4.0,4.0
37324,4.0,4.0
37330,4.0,4.0
37331,4.0,4.0
37348,3.0,3.0
37351,3.0,3.0
37361,4.0,4.0
37411,3.0,3.0
37427,4.0,4.0
37624,3.0,3.0
37626,4.0,4.0
37633,4.0,4.0
37637,4.0,4.0
37638,4.0,4.0
37651,4.0,4.0
37774,4.0,4.0
37867,1.0,1.0
37918,1.0,1.0
38068,4.0,4.0
38069,4.0,4.0
38176,3.0,3.0
38177,3.0,3.0
38178,3.0,3.0
38179,4.0,4.0
38454,1.0,1.0
38516,1.0,1.0
38595,1.0,1.0
39080,4.0,4.0
39083,4.0,4.0
39085,4.0,4.0
40465,3.0,3.0
40466,3.0,3.0
40468,3.0,3.0
40471,3.0,3.0
40481,4.0,4.0
40482,4.0,4.0
40485,4.0,4.0
40487,4.0,4.0
40492,3.0,3.0
40501,3.0,3.0
40502,3.0,3.0
40603,3.0,3.0
40606,2.0,2.0
40665,4.0,4.0
40667,4.0,4.0
40668,4.0,4.0
40672,4.0,4.0
40673,4.0,4.0
40681,4.0,4.0
40683,4.0,4.0
40913,4.0,4.0
40914,4.0,4.0
40918,4.0,4.0
40973,4.0,4.0
40974,4.0,4.0
40979,4.0,4.0
42589,4.0,4.0
44356,4.0,4.0
44359,4.0,4.0
44361,4.0,4.0
44362,4.0,4.0
45303,4.0,4.0
46832,4.0,4.0
46843,4.0,4.0
46853,4.0,4.0
46855,4.0,4.0
46981,4.0,4.0
47646,4.0,4.0
47647,4.0,4.0
47648,4.0,4.0
47649,4.0,4.0
47717,4.0,4.0
47718,4.0,4.0
47719,4.0,4.0
47750,4.0,4.0
47751,4.0,4.0
47900,4.0,4.0
47901,4.0,4.0
47902,4.0,4.0
47903,4.0,4.0
47904,4.0,4.0
47905,4.0,4.0
47906,4.0,4.0
47907,4.0,4.0
47908,4.0,4.0
47910,4.0,4.0
47911,4.0,4.0
47913,4.0,4.0
47915,4.0,4.0
47916,4.0,4.0
47917,4.0,4.0
47918,4.0,4.0
47919,4.0,4.0
47920,4.0,4.0
47921,4.0,4.0
47922,4.0,4.0
47923,4.0,4.0
47924,4.0,4.0
48096,4.0,4.0
48983,4.0,4.0
48989,4.0,4.0
48993,4.0,4.0
49002,4.0,4.0
49005,4.0,4.0
49008,4.0,4.0
49010,4.0,4.0
49015,4.0,4.0
49019,4.0,4.0
49029,4.0,4.0
49036,4.0,4.0
49042,4.0,4.0
49047,4.0,4.0
49473,4.0,4.0
49510,4.0,4.0
49517,4.0,4.0
49546,4.0,4.0
49599,4.0,4.0
49805,4.0,4.0
49806,4.0,4.0
49807,4.0,4.0
49808,4.0,4.0
49809,4.0,4.0
49810,4.0,4.0
49811,4.0,4.0
49812,4.0,4.0
49813,4.0,4.0
49814,4.0,4.0
50008,4.0,4.0
50009,4.0,4.0
50010,4.0,4.0
50011,4.0,4.0
50012,4.0,4.0
50013,4.0,4.0
50014,4.0,4.0
50015,4.0,4.0
50016,4.0,4.0
50017,4.0,4.0
50018,4.0,4.0
50019,4.0,4.0
50020,4.0,4.0
50021,4.0,4.0
50161,4.0,4.0
50162,4.0,4.0
50163,4.0,4.0
50164,4.0,4.0
50165,4.0,4.0
50166,4.0,4.0
51594,4.0,4.0
51595,4.0,4.0
51596,4.0,4.0
51597,4.0,4.0
51598,4.0,4.0
51599,4.0,4.0
51600,4.0,4.0
51601,4.0,4.0
51602,4.0,4.0
51603,4.0,4.0
51604,4.0,4.0
51605,4.0,4.0
51699,4.0,4.0
51700,4.0,4.0
51702,4.0,4.0
51703,4.0,4.0
51704,4.0,4.0
51705,4.0,4.0
51706,4.0,4.0
51707,4.0,4.0
51708,4.0,4.0
51709,4.0,4.0
51710,4.0,4.0
51774,4.0,4.0
52092,4.0,4.0
52093,4.0,4.0
52133,4.0,4.0
52399,3.0,3.0
52404,3.0,3.0
52415,4.0,4.0
52443,4.0,4.0
52490,4.0,4.0
52617,4.0,4.0
52679,4.0,4.0
52681,4.0,4.0
52685,4.0,4.0
52686,4.0,4.0
52720,4.0,4.0
52722,4.0,4.0
52729,4.0,4.0
52732,4.0,4.0
52738,4.0,4.0
52747,4.0,4.0
52755,4.0,4.0
52762,4.0,4.0
52765,4.0,4.0
52779,4.0,4.0
52783,4.0,4.0
52796,4.0,4.0
52799,4.0,4.0
52800,4.0,4.0
52803,4.0,4.0
52804,4.0,4.0
52805,4.0,4.0
52807,4.0,4.0
52809,4.0,4.0
52812,4.0,4.0
52813,4.0,4.0
52830,4.0,4.0
52844,4.0,4.0
52846,4.0,4.0
52896,4.0,4.0
52897,4.0,4.0
52902,4.0,4.0
52904,4.0,4.0
52911,4.0,4.0
52915,4.0,4.0
52920,4.0,4.0
53042,3.0,3.0
53047,3.0,3.0
53049,3.0,3.0
53060,4.0,4.0
53061,4.0,4.0
53062,4.0,4.0
53063,4.0,4.0
53064,4.0,4.0
53065,4.0,4.0
53066,4.0,4.0
53173,4.0,4.0
53192,4.0,4.0
53206,4.0,4.0
53208,4.0,4.0
53226,4.0,4.0
53227,4.0,4.0
53229,4.0,4.0
53231,4.0,4.0
53232,4.0,4.0
53263,4.0,4.0
53264,4.0,4.0
53271,4.0,4.0
53272,4.0,4.0
53273,4.0,4.0
53274,4.0,4.0
53278,4.0,4.0
53279,4.0,4.0
53281,4.0,4.0
53284,4.0,4.0
53309,4.0,4.0
53313,4.0,4.0
53420,4.0,4.0
53445,4.0,4.0
53446,4.0,4.0
53471,4.0,4.0
53474,4.0,4.0
53475,4.0,4.0
53478,4.0,4.0
53479,4.0,4.0
53484,4.0,4.0
53486,4.0,4.0
53606,4.0,4.0
53608,4.0,4.0
53609,4.0,4.0
53615,4.0,4.0
53618,4.0,4.0
53620,4.0,4.0
53624,4.0,4.0
53627,4.0,4.0
53631,4.0,4.0
53684,4.0,4.0
53686,4.0,4.0
53687,4.0,4.0
53689,4.0,4.0
53692,4.0,4.0
53703,4.0,4.0
53706,4.0,4.0
53715,4.0,4.0
53716,4.0,4.0
53717,4.0,4.0
53719,4.0,4.0
53735,4.0,4.0
53762,4.0,4.0
53821,4.0,4.0
53822,4.0,4.0
53823,4.0,4.0
53826,4.0,4.0
53834,4.0,4.0
53835,4.0,4.0
53839,4.0,4.0
53841,4.0,4.0
53842,4.0,4.0
53846,4.0,4.0
53847,4.0,4.0
53854,4.0,4.0
53870,4.0,4.0
53876,4.0,4.0
53890,4.0,4.0
53942,4.0,4.0
53943,4.0,4.0
53945,4.0,4.0
53947,4.0,4.0
53951,4.0,4.0
53952,4.0,4.0
54086,4.0,4.0
54095,4.0,4.0
54096,4.0,4.0
54154,4.0,4.0
54175,4.0,4.0
54176,4.0,4.0
54177,4.0,4.0
54178,4.0,4.0
54179,4.0,4.0
54400,3.0,3.0
54555,4.0,4.0
54566,4.0,4.0
54567,4.0,4.0
54569,4.0,4.0
54570,4.0,4.0
54575,4.0,4.0
54577,4.0,4.0
54580,4.0,4.0
54631,4.0,4.0
54650,4.0,4.0
54766,4.0,4.0
54770,4.0,4.0
54871,4.0,4.0
54877,4.0,4.0
54878,4.0,4.0
54905,4.0,4.0
55508,4.0,4.0
55619,1.0,1.0
56304,4.0,4.0
56306,4.0,4.0
56307,4.0,4.0
56308,4.0,4.0
56309,4.0,4.0
56312,4.0,4.0
56313,4.0,4.0
56314,4.0,4.0
56409,4.0,4.0
56483,4.0,4.0
57032,3.0,3.0
57072,4.0,4.0
57202,4.0,4.0
57207,4.0,4.0
57461,3.0,3.0
57953,4.0,4.0
58001,4.0,4.0
58107,3.0,3.0
58205,4.0,4.0
58255,3.0,3.0
58282,4.0,4.0
58613,3.0,3.0
58616,3.0,3.0
58617,3.0,3.0
58620,3.0,3.0
58622,3.0,3.0
58623,3.0,3.0
58629,3.0,3.0
58941,4.0,4.0
58942,4.0,4.0
58943,4.0,4.0
58944,4.0,4.0
58945,4.0,4.0
58946,4.0,4.0
58947,4.0,4.0
58967,4.0,4.0
58969,4.0,4.0
58970,4.0,4.0
58973,4.0,4.0
58990,4.0,4.0
58991,4.0,4.0
58993,4.0,4.0
58994,4.0,4.0
58995,4.0,4.0
58998,4.0,4.0
59018,4.0,4.0
59019,4.0,4.0
59020,4.0,4.0
59021,4.0,4.0
59022,4.0,4.0
59024,4.0,4.0
59025,4.0,4.0
59026,4.0,4.0
59027,4.0,4.0
59028,4.0,4.0
59029,4.0,4.0
59030,4.0,4.0
59031,4.0,4.0
59032,4.0,4.0
59033,4.0,4.0
59034,4.0,4.0
59035,4.0,4.0
59036,4.0,4.0
59037,4.0,4.0
59038,4.0,4.0
59040,4.0,4.0
59042,4.0,4.0
59047,4.0,4.0
59048,4.0,4.0
59053,4.0,4.0
59054,4.0,4.0
59055,4.0,4.0
59056,4.0,4.0
59057,4.0,4.0
59058,4.0,4.0
59059,4.0,4.0
59064,4.0,4.0
59066,4.0,4.0
59067,4.0,4.0
59069,4.0,4.0
59070,4.0,4.0
59071,4.0,4.0
59072,4.0,4.0
59073,4.0,4.0
59074,4.0,4.0
59075,4.0,4.0
59076,4.0,4.0
59077,4.0,4.0
59078,4.0,4.0
59079,4.0,4.0
59080,4.0,4.0
59081,4.0,4.0
59082,4.0,4.0
59084,4.0,4.0
59085,4.0,4.0
59086,4.0,4.0
59087,4.0,4.0
59088,4.0,4.0
59089,4.0,4.0
59090,4.0,4.0
59091,4.0,4.0
59092,4.0,4.0
59095,4.0,4.0
59096,4.0,4.0
59097,4.0,4.0
59098,4.0,4.0
59099,4.0,4.0
59100,4.0,4.0
59101,4.0,4.0
59102,4.0,4.0
59103,4.0,4.0
59104,4.0,4.0
59105,4.0,4.0
59106,4.0,4.0
59107,4.0,4.0
59108,4.0,4.0
59109,4.0,4.0
59110,4.0,4.0
59111,4.0,4.0
59112,4.0,4.0
59113,4.0,4.0
59114,4.0,4.0
59115,4.0,4.0
59116,4.0,4.0
59117,4.0,4.0
59118,4.0,4.0
59119,4.0,4.0
59120,4.0,4.0
59121,4.0,4.0
59122,4.0,4.0
59123,4.0,4.0
59124,4.0,4.0
59130,4.0,4.0
59131,4.0,4.0
59134,4.0,4.0
59135,4.0,4.0
59136,4.0,4.0
59137,4.0,4.0
59139,4.0,4.0
59140,4.0,4.0
59464,4.0,4.0
59494,4.0,4.0
59496,4.0,4.0
60166,4.0,4.0
60167,4.0,4.0
60168,4.0,4.0
60169,4.0,4.0
60333,4.0,4.0
60336,4.0,4.0
60781,4.0,4.0
60939,4.0,4.0
60940,4.0,4.0
60941,4.0,4.0
60942,4.0,4.0
61028,4.0,4.0
61326,4.0,4.0
61354,4.0,4.0
61368,4.0,4.0
61370,4.0,4.0
61522,4.0,4.0
61526,4.0,4.0
61534,4.0,4.0
61535,4.0,4.0
61536,4.0,4.0
61537,4.0,4.0
61538,4.0,4.0
61540,4.0,4.0
61541,4.0,4.0
61542,4.0,4.0
61543,4.0,4.0
61544,4.0,4.0
61545,4.0,4.0
61546,4.0,4.0
61628,4.0,4.0
62310,4.0,4.0
62390,4.0,4.0
62391,4.0,4.0
62392,4.0,4.0
62394,4.0,4.0
62397,4.0,4.0
62400,4.0,4.0
62405,4.0,4.0
62407,4.0,4.0
62408,4.0,4.0
62409,4.0,4.0
62410,4.0,4.0
62411,4.0,4.0
62414,4.0,4.0
62510,4.0,4.0
62518,4.0,4.0
62796,4.0,4.0
62797,4.0,4.0
62798,4.0,4.0
62806,4.0,4.0
62807,4.0,4.0
62808,4.0,4.0
62811,4.0,4.0
62818,4.0,4.0
62822,4.0,4.0
62824,4.0,4.0
62825,4.0,4.0
62828,4.0,4.0
62832,4.0,4.0
62833,4.0,4.0
62835,4.0,4.0
62841,4.0,4.0
62842,4.0,4.0
62843,4.0,4.0
62844,4.0,4.0
62845,4.0,4.0
62857,4.0,4.0
62868,4.0,4.0
62995,4.0,4.0
63007,4.0,4.0
63014,4.0,4.0
63026,4.0,4.0
63039,4.0,4.0
63054,4.0,4.0
63060,4.0,4.0
63070,4.0,4.0
63153,4.0,4.0
63155,4.0,4.0
63157,4.0,4.0
63158,4.0,4.0
63430,4.0,4.0
63435,4.0,4.0
63440,4.0,4.0
63444,4.0,4.0
63457,4.0,4.0
63470,4.0,4.0
63474,4.0,4.0
63477,4.0,4.0
63478,4.0,4.0
63479,4.0,4.0
63482,4.0,4.0
63489,4.0,4.0
63493,4.0,4.0
63494,4.0,4.0
63525,4.0,4.0
63528,4.0,4.0
63534,4.0,4.0
63535,4.0,4.0
63536,4.0,4.0
63537,4.0,4.0
63538,4.0,4.0
63541,4.0,4.0
63547,4.0,4.0
63549,4.0,4.0
63551,4.0,4.0
63558,4.0,4.0
63560,4.0,4.0
63561,4.0,4.0
63575,4.0,4.0
63580,4.0,4.0
63585,4.0,4.0
63605,4.0,4.0
63611,4.0,4.0
63622,4.0,4.0
63629,4.0,4.0
63630,4.0,4.0
63631,4.0,4.0
63637,4.0,4.0
63638,4.0,4.0
63659,4.0,4.0
63660,4.0,4.0
63662,4.0,4.0
63663,4.0,4.0
63710,4.0,4.0
63711,4.0,4.0
63712,4.0,4.0
63719,4.0,4.0
63720,4.0,4.0
63721,4.0,4.0
63728,4.0,4.0
63739,4.0,4.0
63740,4.0,4.0
63742,4.0,4.0
63760,4.0,4.0
63761,4.0,4.0
63763,4.0,4.0
63785,4.0,4.0
63789,4.0,4.0
63790,4.0,4.0
63791,4.0,4.0
63799,4.0,4.0
63985,4.0,4.0
64006,4.0,4.0
64008,4.0,4.0
64033,4.0,4.0
66117,2.0,2.0
66122,1.0,1.0
66158,4.0,4.0
66160,4.0,4.0
66213,4.0,4.0
66228,4.0,4.0
66230,4.0,4.0
66231,4.0,4.0
66332,4.0,4.0
66386,4.0,4.0
66388,4.0,4.0
66684,4.0,4.0
66744,4.0,4.0
66760,4.0,4.0
66811,4.0,4.0
66818,4.0,4.0
66852,4.0,4.0
66861,4.0,4.0
66880,4.0,4.0
66881,4.0,4.0
66886,4.0,4.0
66891,4.0,4.0
66892,4.0,4.0
66893,4.0,4.0
66894,4.0,4.0
66895,4.0,4.0
66896,4.0,4.0
66904,4.0,4.0
66954,4.0,4.0
66955,4.0,4.0
66973,4.0,4.0
66983,4.0,4.0
66986,4.0,4.0
66992,4.0,4.0
67541,2.0,2.0
67547,3.0,3.0
67560,3.0,3.0
67561,2.0,2.0
67563,3.0,3.0
67614,2.0,2.0
67696,3.0,3.0
67698,3.0,3.0
67702,3.0,3.0
67705,3.0,3.0
67712,3.0,3.0
67788,3.0,3.0
67800,2.0,2.0
67803,2.0,2.0
67805,2.0,2.0
67809,3.0,3.0
67845,2.0,2.0
67847,2.0,2.0
67848,2.0,2.0
67849,2.0,2.0
67850,2.0,2.0
67851,2.0,2.0
67865,3.0,3.0
67866,3.0,3.0
67867,3.0,3.0
67917,3.0,3.0
67919,3.0,3.0
67924,3.0,3.0
67927,3.0,3.0
67928,4.0,4.0
67929,4.0,4.0
67931,4.0,4.0
67937,4.0,4.0
68096,3.0,3.0
68206,3.0,3.0
68213,3.0,3.0
68228,3.0,3.0
68310,3.0,3.0
68317,3.0,3.0
68410,2.0,2.0
68486,3.0,3.0
68489,3.0,3.0
68490,3.0,3.0
68491,3.0,3.0
68502,4.0,4.0
68551,4.0,4.0
68552,4.0,4.0
68573,4.0,4.0
68574,4.0,4.0
68575,4.0,4.0
68587,4.0,4.0
68592,4.0,4.0
68593,4.0,4.0
68598,4.0,4.0
68604,4.0,4.0
68614,4.0,4.0
68621,4.0,4.0
68632,4.0,4.0
68638,4.0,4.0
68642,4.0,4.0
68648,4.0,4.0
68661,4.0,4.0
68678,4.0,4.0
68679,4.0,4.0
68680,4.0,4.0
68681,4.0,4.0
68682,4.0,4.0
68729,4.0,4.0
68730,4.0,4.0
68741,4.0,4.0
68745,4.0,4.0
68746,4.0,4.0
68792,3.0,3.0
68793,3.0,3.0
68795,3.0,3.0
68801,3.0,3.0
68809,3.0,3.0
68812,4.0,4.0
68821,4.0,4.0
68845,3.0,3.0
68953,4.0,4.0
69371,4.0,4.0
69380,4.0,4.0
69382,4.0,4.0
69393,4.0,4.0
69394,3.0,3.0
69395,4.0,4.0
69396,4.0,4.0
69467,4.0,4.0
69470,4.0,4.0
69647,4.0,4.0
69648,4.0,4.0
69649,4.0,4.0
69650,4.0,4.0
69651,4.0,4.0
69653,4.0,4.0
69654,4.0,4.0
69655,4.0,4.0
69656,4.0,4.0
69657,4.0,4.0
69658,4.0,4.0
70024,4.0,4.0
70335,3.0,3.0
70366,3.0,3.0
70405,3.0,3.0
70414,3.0,3.0
70419,3.0,3.0
70450,3.0,3.0
70460,3.0,3.0
70478,3.0,3.0
70725,4.0,4.0
70731,4.0,4.0
70761,4.0,4.0
70762,4.0,4.0
70763,4.0,4.0
70774,4.0,4.0
70776,4.0,4.0
70786,3.0,3.0
70809,4.0,4.0
70861,4.0,4.0
70871,4.0,4.0
70878,4.0,4.0
70888,4.0,4.0
70899,4.0,4.0
70905,4.0,4.0
70909,4.0,4.0
70911,4.0,4.0
71190,4.0,4.0
71352,3.0,3.0
71353,4.0,4.0
71359,4.0,4.0
71361,4.0,4.0
71363,3.0,3.0
71364,4.0,4.0
71370,3.0,3.0
71372,3.0,3.0
71911,3.0,3.0
71941,3.0,3.0
71942,4.0,4.0
71943,4.0,4.0
71944,4.0,4.0
71945,3.0,3.0
71946,3.0,3.0
71947,4.0,4.0
72173,4.0,4.0
72174,4.0,4.0
72175,4.0,4.0
72176,4.0,4.0
72177,4.0,4.0
72178,4.0,4.0
72187,4.0,4.0
72206,4.0,4.0
72267,4.0,4.0
72274,4.0,4.0
72281,4.0,4.0
72282,4.0,4.0
72283,4.0,4.0
72284,4.0,4.0
72313,4.0,4.0
72314,4.0,4.0
72319,4.0,4.0
72320,4.0,4.0
72321,4.0,4.0
72399,3.0,3.0
72408,4.0,4.0
72417,4.0,4.0
72420,4.0,4.0
72635,4.0,4.0
72640,4.0,4.0
72642,4.0,4.0
72644,4.0,4.0
73045,4.0,4.0
73138,4.0,4.0
73142,4.0,4.0
73143,4.0,4.0
73147,4.0,4.0
73150,4.0,4.0
73152,4.0,4.0
73153,4.0,4.0
73172,4.0,4.0
73175,4.0,4.0
73211,4.0,4.0
73212,4.0,4.0
73215,4.0,4.0
73220,4.0,4.0
73222,4.0,4.0
73226,4.0,4.0
73227,4.0,4.0
73231,4.0,4.0
73246,4.0,4.0
73250,4.0,4.0
73256,4.0,4.0
73875,4.0,4.0
73880,4.0,4.0
73885,4.0,4.0
73910,4.0,4.0
73915,4.0,4.0
73926,4.0,4.0
73958,4.0,4.0
73959,4.0,4.0
73960,4.0,4.0
73961,4.0,4.0
73963,4.0,4.0
73971,4.0,4.0
73972,4.0,4.0
73973,4.0,4.0
75368,4.0,4.0
75868,3.0,3.0
75912,4.0,4.0
75913,4.0,4.0
75915,4.0,4.0
75916,4.0,4.0
75917,4.0,4.0
75918,4.0,4.0
75919,4.0,4.0
76016,4.0,4.0
76057,4.0,4.0
76113,4.0,4.0
76219,4.0,4.0
76224,4.0,4.0
76264,4.0,4.0
76372,4.0,4.0
76452,4.0,4.0
76454,4.0,4.0
76461,4.0,4.0
76463,4.0,4.0
76466,4.0,4.0
77304,1.0,1.0
77305,1.0,1.0
77306,1.0,1.0
77312,3.0,3.0
77318,1.0,1.0
77413,4.0,4.0
77416,4.0,4.0
77492,4.0,4.0
77495,1.0,1.0
77601,2.0,2.0
77603,2.0,2.0
77604,2.0,2.0
77972,4.0,4.0
78057,4.0,4.0
78373,4.0,4.0
78396,4.0,4.0
79172,1.0,1.0
79173,1.0,1.0
79179,1.0,1.0
79180,1.0,1.0
79181,1.0,1.0
79309,1.0,1.0
79319,1.0,1.0
79320,1.0,1.0
79325,1.0,1.0
79326,1.0,1.0
79329,1.0,1.0
79331,1.0,1.0
79332,1.0,1.0
79377,4.0,4.0
79380,1.0,1.0
79450,1.0,1.0
79504,1.0,1.0
79512,1.0,1.0
79517,1.0,1.0
79526,1.0,1.0
79533,1.0,1.0
79547,1.0,1.0
82548,4.0,4.0
82549,3.0,3.0
82556,3.0,3.0
82572,4.0,4.0
82577,3.0,3.0
82603,4.0,4.0
82607,4.0,4.0
82611,2.0,2.0
83095,4.0,4.0
83099,4.0,4.0
83131,4.0,4.0
83222,4.0,4.0
83286,4.0,4.0
83318,4.0,4.0
83329,4.0,4.0
83334,4.0,4.0
83517,4.0,4.0
83757,2.0,2.0
83758,4.0,4.0
83780,4.0,4.0
83781,4.0,4.0
83889,2.0,2.0
83957,4.0,4.0
84424,2.0,2.0
84460,4.0,4.0
84463,3.0,3.0
84474,4.0,4.0
84476,3.0,3.0
84477,2.0,2.0
84552,3.0,3.0
84553,2.0,2.0
84556,4.0,4.0
84646,3.0,3.0
84730,2.0,2.0
84816,4.0,4.0
84934,4.0,4.0
84939,4.0,4.0
85288,4.0,4.0
85331,3.0,3.0
85360,3.0,3.0
85851,4.0,4.0
86291,3.0,3.0
86884,3.0,3.0
87072,4.0,4.0
87073,4.0,4.0
87074,4.0,4.0
87075,4.0,4.0
87076,4.0,4.0
87077,4.0,4.0
87078,4.0,4.0
87079,4.0,4.0
87080,4.0,4.0
87081,4.0,4.0
87085,3.0,3.0
87086,3.0,3.0
87087,3.0,3.0
87089,3.0,3.0
87090,3.0,3.0
87091,3.0,3.0
87127,3.0,3.0
87130,3.0,3.0
87299,3.0,3.0
87501,4.0,4.0
87755,3.0,3.0
87767,4.0,4.0
87771,3.0,3.0
87795,4.0,4.0
87797,4.0,4.0
87798,4.0,4.0
87799,4.0,4.0
87802,4.0,4.0
87849,3.0,3.0
87862,4.0,4.0
87947,4.0,4.0
87948,3.0,3.0
87950,4.0,4.0
88011,4.0,4.0
88012,3.0,3.0
88013,4.0,4.0
88014,3.0,3.0
88015,4.0,4.0
88016,4.0,4.0
88017,4.0,4.0
88021,3.0,3.0
88023,3.0,3.0
88194,4.0,4.0
88196,4.0,4.0
88197,4.0,4.0
88200,4.0,4.0
88308,4.0,4.0
88313,4.0,4.0
88462,3.0,3.0
88465,4.0,4.0
88472,4.0,4.0
88475,4.0,4.0
88477,4.0,4.0
88490,4.0,4.0
88497,1.0,1.0
88959,4.0,4.0
89000,4.0,4.0
89032,4.0,4.0
89042,4.0,4.0
89057,4.0,4.0
89058,4.0,4.0
89071,4.0,4.0
89073,4.0,4.0
89086,4.0,4.0
89088,4.0,4.0
89978,4.0,4.0
89988,3.0,3.0
90006,1.0,1.0
90007,4.0,4.0
90008,4.0,4.0
91048,3.0,3.0
92314,3.0,3.0
92315,3.0,3.0
92318,4.0,4.0
92835,4.0,4.0
92841,4.0,4.0
92845,4.0,4.0
92851,4.0,4.0
92854,4.0,4.0
92861,4.0,4.0
92862,4.0,4.0
92864,4.0,4.0
92928,4.0,4.0
92931,4.0,4.0
92935,4.0,4.0
92937,4.0,4.0
93131,1.0,1.0
93132,1.0,1.0
93134,1.0,1.0
93135,1.0,1.0
93136,1.0,1.0
93137,1.0,1.0
93138,1.0,1.0
93140,1.0,1.0
93142,1.0,1.0
93143,1.0,1.0
93145,1.0,1.0
93146,1.0,1.0
93147,1.0,1.0
93149,1.0,1.0
93167,1.0,1.0
93168,1.0,1.0
93171,1.0,1.0
93172,1.0,1.0
93174,1.0,1.0
93176,1.0,1.0
93178,1.0,1.0
93179,1.0,1.0
93180,1.0,1.0
93319,4.0,4.0
93348,4.0,4.0
93350,4.0,4.0
93377,4.0,4.0
93434,4.0,4.0
93436,4.0,4.0
93870,4.0,4.0
93871,4.0,4.0
95678,3.0,3.0
95775,3.0,3.0
95823,4.0,4.0
95824,4.0,4.0
95950,4.0,4.0
95991,4.0,4.0
96371,4.0,4.0
96454,4.0,4.0
96455,4.0,4.0
96457,4.0,4.0
96458,4.0,4.0
96508,3.0,3.0
96511,3.0,3.0
96656,4.0,4.0
96677,4.0,4.0
96680,4.0,4.0
96683,4.0,4.0
96684,4.0,4.0
96689,4.0,4.0
96692,4.0,4.0
96713,4.0,4.0
96715,4.0,4.0
96730,4.0,4.0
96743,4.0,4.0
96744,4.0,4.0
96745,4.0,4.0
96766,4.0,4.0
96833,4.0,4.0
96834,4.0,4.0
97647,1.0,1.0
97648,1.0,1.0
97732,3.0,3.0
97753,4.0,4.0
97754,4.0,4.0
97759,3.0,3.0
97760,3.0,3.0
97763,3.0,3.0
97764,4.0,4.0
97765,3.0,3.0
97766,3.0,3.0
100932,2.0,2.0
101331,2.0,2.0
101579,4.0,4.0
101581,4.0,4.0
101584,3.0,3.0
101585,4.0,4.0
101586,4.0,4.0
101587,4.0,4.0
101589,4.0,4.0
101590,4.0,4.0
101593,4.0,4.0
101594,3.0,3.0
101596,3.0,3.0
101779,1.0,1.0
101783,1.0,1.0
101784,3.0,3.0
101790,3.0,3.0
101791,3.0,3.0
101848,3.0,3.0
240415,4.0,4.0
240622,4.0,4.0
240631,4.0,4.0
240634,4.0,4.0
240636,4.0,4.0
240637,4.0,4.0
240640,4.0,4.0
240641,4.0,4.0
240643,4.0,4.0
240644,4.0,4.0
240820,4.0,4.0
240821,4.0,4.0
240822,4.0,4.0
240857,3.0,3.0
240864,4.0,4.0
240865,3.0,3.0
241207,4.0,4.0
241209,4.0,4.0
241826,4.0,4.0
241827,4.0,4.0
241828,4.0,4.0
242038,4.0,4.0
243445,4.0,4.0
243446,4.0,4.0
243447,4.0,4.0
243449,4.0,4.0
243451,4.0,4.0
243454,4.0,4.0
243455,4.0,4.0
244441,4.0,4.0
244500,4.0,4.0
244531,4.0,4.0
244536,4.0,4.0
244540,4.0,4.0
244542,4.0,4.0
244546,4.0,4.0
244549,4.0,4.0
244552,4.0,4.0
244558,4.0,4.0
244561,4.0,4.0
244562,4.0,4.0
244563,4.0,4.0
244564,4.0,4.0
244566,4.0,4.0
244567,4.0,4.0
244591,4.0,4.0
244593,4.0,4.0
244594,4.0,4.0
244595,4.0,4.0
244596,4.0,4.0
244598,4.0,4.0
244599,4.0,4.0
244600,4.0,4.0
244601,4.0,4.0
244602,4.0,4.0
244603,4.0,4.0
245404,4.0,4.0
245405,4.0,4.0
245406,4.0,4.0
245407,4.0,4.0
245408,4.0,4.0
245568,4.0,4.0
245569,4.0,4.0
245574,4.0,4.0
245578,4.0,4.0
245585,4.0,4.0
245586,4.0,4.0
245611,4.0,4.0
245612,4.0,4.0
245616,4.0,4.0
245620,4.0,4.0
245654,4.0,4.0
245657,4.0,4.0
246140,4.0,4.0
246141,4.0,4.0
246142,4.0,4.0
246143,4.0,4.0
246144,4.0,4.0
246145,4.0,4.0
246146,4.0,4.0
246147,3.0,3.0
246148,4.0,4.0
248582,4.0,4.0
248583,4.0,4.0
248584,4.0,4.0
251553,2.0,2.0
251555,4.0,4.0
251557,3.0,3.0
251635,1.0,1.0
251713,4.0,4.0
251925,4.0,4.0
251926,4.0,4.0
251935,4.0,4.0
251936,4.0,4.0
251937,4.0,4.0
251938,4.0,4.0
251939,4.0,4.0
251940,4.0,4.0
251941,4.0,4.0
251942,4.0,4.0
251943,4.0,4.0
251944,4.0,4.0
251945,4.0,4.0
252067,4.0,4.0
252068,4.0,4.0
252069,4.0,4.0
252070,4.0,4.0
252071,4.0,4.0
252072,4.0,4.0
252074,4.0,4.0
252117,4.0,4.0
252118,4.0,4.0
252119,4.0,4.0
252120,4.0,4.0
252121,4.0,4.0
252122,4.0,4.0
252123,4.0,4.0
252124,4.0,4.0
252125,4.0,4.0
252126,4.0,4.0
252127,4.0,4.0
252128,4.0,4.0
252129,4.0,4.0
252130,4.0,4.0
252132,4.0,4.0
252133,4.0,4.0
252134,4.0,4.0
252135,4.0,4.0
252136,4.0,4.0
252137,4.0,4.0
252138,4.0,4.0
252139,4.0,4.0
252141,4.0,4.0
252142,4.0,4.0
252143,4.0,4.0
252144,4.0,4.0
252145,4.0,4.0
252147,4.0,4.0
252149,4.0,4.0
252150,4.0,4.0
252151,4.0,4.0
252152,4.0,4.0
252153,4.0,4.0
252154,4.0,4.0
252155,4.0,4.0
252156,4.0,4.0
252157,4.0,4.0
252158,4.0,4.0
252159,4.0,4.0
252160,4.0,4.0
252161,4.0,4.0
252162,4.0,4.0
252163,4.0,4.0
252165,4.0,4.0
252166,4.0,4.0
252167,4.0,4.0
252168,4.0,4.0
252169,4.0,4.0
252170,4.0,4.0
252178,4.0,4.0
252179,4.0,4.0
252180,4.0,4.0
252181,4.0,4.0
252183,4.0,4.0
252184,4.0,4.0
252190,4.0,4.0
252191,4.0,4.0
252192,4.0,4.0
252193,4.0,4.0
252194,4.0,4.0
252195,4.0,4.0
252196,4.0,4.0
252197,4.0,4.0
252198,4.0,4.0
252199,4.0,4.0
252200,4.0,4.0
252201,4.0,4.0
252202,4.0,4.0
252203,4.0,4.0
252204,4.0,4.0
252205,4.0,4.0
252206,4.0,4.0
252207,4.0,4.0
252208,4.0,4.0
252211,4.0,4.0
252212,4.0,4.0
252213,4.0,4.0
252230,4.0,4.0
252231,4.0,4.0
252234,4.0,4.0
252235,4.0,4.0
252275,4.0,4.0
252276,4.0,4.0
252277,4.0,4.0
252278,4.0,4.0
252279,4.0,4.0
252280,4.0,4.0
252281,4.0,4.0
252282,4.0,4.0
252283,4.0,4.0
252284,4.0,4.0
252285,4.0,4.0
252286,4.0,4.0
252287,4.0,4.0
252288,4.0,4.0
252289,4.0,4.0
252290,4.0,4.0
252292,4.0,4.0
252293,4.0,4.0
252295,4.0,4.0
252296,4.0,4.0
252299,4.0,4.0
252404,4.0,4.0
252405,4.0,4.0
252406,4.0,4.0
252407,4.0,4.0
252408,4.0,4.0
252409,4.0,4.0
252410,4.0,4.0
252411,4.0,4.0
252412,4.0,4.0
252413,4.0,4.0
252415,4.0,4.0
252421,4.0,4.0
252431,4.0,4.0
252432,4.0,4.0
252433,4.0,4.0
252434,4.0,4.0
252435,4.0,4.0
252436,4.0,4.0
252437,4.0,4.0
252438,4.0,4.0
252439,4.0,4.0
252440,4.0,4.0
252442,4.0,4.0
252443,4.0,4.0
252444,4.0,4.0
252445,4.0,4.0
252446,4.0,4.0
252447,4.0,4.0
252448,4.0,4.0
252449,4.0,4.0
252450,4.0,4.0
252451,4.0,4.0
252452,4.0,4.0
252453,4.0,4.0
252454,4.0,4.0
252455,4.0,4.0
252456,4.0,4.0
252457,4.0,4.0
252458,4.0,4.0
252459,4.0,4.0
252460,4.0,4.0
252461,4.0,4.0
252462,4.0,4.0
252463,4.0,4.0
252464,4.0,4.0
252465,4.0,4.0
252466,4.0,4.0
252467,4.0,4.0
252468,4.0,4.0
252469,4.0,4.0
252470,4.0,4.0
252471,4.0,4.0
252472,4.0,4.0
252473,4.0,4.0
252474,4.0,4.0
252475,4.0,4.0
252476,4.0,4.0
252477,4.0,4.0
252478,4.0,4.0
252479,4.0,4.0
252480,4.0,4.0
252481,4.0,4.0
252482,4.0,4.0
252483,4.0,4.0
252484,4.0,4.0
252485,4.0,4.0
252486,4.0,4.0
252487,4.0,4.0
252488,4.0,4.0
252490,4.0,4.0
252491,4.0,4.0
252495,4.0,4.0
252496,4.0,4.0
252497,4.0,4.0
252499,4.0,4.0
252503,4.0,4.0
252504,4.0,4.0
252505,4.0,4.0
252506,4.0,4.0
252507,4.0,4.0
252508,4.0,4.0
252509,4.0,4.0
252510,4.0,4.0
252511,4.0,4.0
252512,4.0,4.0
252513,4.0,4.0
252514,4.0,4.0
252515,4.0,4.0
252516,4.0,4.0
252517,4.0,4.0
252518,4.0,4.0
252519,4.0,4.0
252520,4.0,4.0
252521,4.0,4.0
252522,4.0,4.0
252523,4.0,4.0
252524,4.0,4.0
252525,4.0,4.0
252526,4.0,4.0
252527,4.0,4.0
252528,4.0,4.0
252529,4.0,4.0
252530,4.0,4.0
252531,4.0,4.0
252532,4.0,4.0
252533,4.0,4.0
252534,4.0,4.0
252535,4.0,4.0
252536,4.0,4.0
252537,4.0,4.0
252538,4.0,4.0
252539,4.0,4.0
252540,4.0,4.0
252541,4.0,4.0
252542,4.0,4.0
252543,4.0,4.0
252544,4.0,4.0
252545,4.0,4.0
252546,4.0,4.0
252547,4.0,4.0
252548,4.0,4.0
252556,4.0,4.0
252561,4.0,4.0
252567,4.0,4.0
252568,4.0,4.0
252569,4.0,4.0
252570,4.0,4.0
252571,4.0,4.0
252572,4.0,4.0
252573,4.0,4.0
252574,4.0,4.0
252575,4.0,4.0
252576,4.0,4.0
252577,4.0,4.0
252578,4.0,4.0
252579,4.0,4.0
252580,4.0,4.0
252581,4.0,4.0
252582,4.0,4.0
252583,4.0,4.0
252584,4.0,4.0
252585,4.0,4.0
252586,4.0,4.0
252587,4.0,4.0
252588,4.0,4.0
252589,4.0,4.0
252590,4.0,4.0
252591,4.0,4.0
252592,4.0,4.0
252593,4.0,4.0
252594,4.0,4.0
252595,4.0,4.0
252596,4.0,4.0
252597,4.0,4.0
252598,4.0,4.0
252599,4.0,4.0
252600,4.0,4.0
252601,4.0,4.0
252602,4.0,4.0
252603,4.0,4.0
252604,4.0,4.0
252605,4.0,4.0
252607,4.0,4.0
252608,4.0,4.0
252609,4.0,4.0
252610,4.0,4.0
252611,4.0,4.0
252612,4.0,4.0
252613,4.0,4.0
252614,4.0,4.0
252615,4.0,4.0
252616,4.0,4.0
252617,4.0,4.0
252618,4.0,4.0
252619,4.0,4.0
252620,4.0,4.0
252621,4.0,4.0
252622,4.0,4.0
252623,4.0,4.0
252624,4.0,4.0
252625,4.0,4.0
252626,4.0,4.0
252627,4.0,4.0
252628,4.0,4.0
252629,4.0,4.0
252630,4.0,4.0
252631,4.0,4.0
252632,4.0,4.0
252633,4.0,4.0
252634,4.0,4.0
252635,4.0,4.0
252636,4.0,4.0
252637,4.0,4.0
252638,4.0,4.0
252639,4.0,4.0
252640,4.0,4.0
252641,4.0,4.0
252642,4.0,4.0
252643,4.0,4.0
252644,4.0,4.0
252645,4.0,4.0
252646,4.0,4.0
252647,4.0,4.0
252648,4.0,4.0
252649,4.0,4.0
252650,4.0,4.0
252651,4.0,4.0
252652,4.0,4.0
252653,4.0,4.0
252654,4.0,4.0
252655,4.0,4.0
252656,4.0,4.0
252657,4.0,4.0
252658,4.0,4.0
252659,4.0,4.0
252662,4.0,4.0
252663,4.0,4.0
252664,4.0,4.0
252665,4.0,4.0
252666,4.0,4.0
252667,4.0,4.0
252668,4.0,4.0
252669,4.0,4.0
252670,4.0,4.0
252671,4.0,4.0
252672,4.0,4.0
252673,4.0,4.0
252674,4.0,4.0
252675,4.0,4.0
252676,4.0,4.0
252677,4.0,4.0
252678,4.0,4.0
252679,4.0,4.0
252680,4.0,4.0
252681,4.0,4.0
252682,4.0,4.0
252683,4.0,4.0
252684,4.0,4.0
252685,4.0,4.0
252686,4.0,4.0
252687,4.0,4.0
252688,4.0,4.0
252689,4.0,4.0
252690,4.0,4.0
252691,4.0,4.0
252692,4.0,4.0
252693,4.0,4.0
252694,4.0,4.0
252695,4.0,4.0
252707,4.0,4.0
252708,4.0,4.0
252712,4.0,4.0
252713,4.0,4.0
252715,4.0,4.0
252716,4.0,4.0
252717,4.0,4.0
252746,4.0,4.0
252747,4.0,4.0
252748,4.0,4.0
252749,4.0,4.0
252751,4.0,4.0
252752,4.0,4.0
252753,4.0,4.0
252754,4.0,4.0
252755,4.0,4.0
252762,4.0,4.0
252763,4.0,4.0
252764,4.0,4.0
252765,4.0,4.0
252766,4.0,4.0
252769,4.0,4.0
252770,4.0,4.0
252771,4.0,4.0
252772,4.0,4.0
252778,4.0,4.0
252779,4.0,4.0
252780,4.0,4.0
252781,4.0,4.0
252782,4.0,4.0
252783,4.0,4.0
252784,4.0,4.0
252785,4.0,4.0
252786,4.0,4.0
252787,4.0,4.0
252788,4.0,4.0
252789,4.0,4.0
252790,4.0,4.0
252791,4.0,4.0
252798,4.0,4.0
252799,4.0,4.0
252800,4.0,4.0
252807,4.0,4.0
252813,4.0,4.0
252818,4.0,4.0
252819,4.0,4.0
252820,4.0,4.0
252821,4.0,4.0
252822,4.0,4.0
252823,4.0,4.0
252824,4.0,4.0
252825,4.0,4.0
252826,4.0,4.0
252827,4.0,4.0
252828,4.0,4.0
252829,4.0,4.0
252830,4.0,4.0
252831,4.0,4.0
252832,4.0,4.0
252833,4.0,4.0
252834,4.0,4.0
252835,4.0,4.0
252838,4.0,4.0
252839,4.0,4.0
252840,4.0,4.0
252925,4.0,4.0
252961,4.0,4.0
252964,4.0,4.0
252965,4.0,4.0
252966,4.0,4.0
252967,4.0,4.0
252968,4.0,4.0
252969,4.0,4.0
252970,4.0,4.0
252971,4.0,4.0
252972,4.0,4.0
252973,4.0,4.0
252974,4.0,4.0
252975,4.0,4.0
252976,4.0,4.0
252977,4.0,4.0
252978,4.0,4.0
252979,4.0,4.0
252980,4.0,4.0
252981,4.0,4.0
252982,4.0,4.0
252983,4.0,4.0
252984,4.0,4.0
252985,4.0,4.0
252986,4.0,4.0
252987,4.0,4.0
252988,4.0,4.0
252989,4.0,4.0
252990,4.0,4.0
252991,4.0,4.0
252992,4.0,4.0
252993,4.0,4.0
252994,4.0,4.0
252995,4.0,4.0
252996,4.0,4.0
252997,4.0,4.0
252998,4.0,4.0
252999,4.0,4.0
253000,4.0,4.0
253001,4.0,4.0
253002,4.0,4.0
253003,4.0,4.0
253055,4.0,4.0
253056,4.0,4.0
253078,4.0,4.0
253102,4.0,4.0
253103,4.0,4.0
253105,4.0,4.0
253106,4.0,4.0
253107,4.0,4.0
253108,4.0,4.0
253111,4.0,4.0
253112,4.0,4.0
253113,4.0,4.0
253179,4.0,4.0
253181,4.0,4.0
253194,4.0,4.0
253195,4.0,4.0
253196,4.0,4.0
253201,4.0,4.0
253202,2.0,2.0
253203,2.0,2.0
253205,3.0,3.0
253206,3.0,3.0
253207,2.0,2.0
253208,2.0,2.0
253210,2.0,2.0
253211,2.0,2.0
253212,2.0,2.0
253213,2.0,2.0
253214,2.0,2.0
253216,2.0,2.0
253217,2.0,2.0
253218,2.0,2.0
253219,3.0,3.0
253221,2.0,2.0
253230,3.0,3.0
253233,2.0,2.0
253234,3.0,3.0
253240,3.0,3.0
253241,3.0,3.0
253242,3.0,3.0
253243,3.0,3.0
253245,3.0,3.0
253246,3.0,3.0
253252,3.0,3.0
253257,3.0,3.0
253258,3.0,3.0
253259,3.0,3.0
253269,3.0,3.0
253270,3.0,3.0
253280,3.0,3.0
253306,3.0,3.0
253307,3.0,3.0
253319,3.0,3.0
253320,3.0,3.0
253322,3.0,3.0
253330,2.0,2.0
253331,2.0,2.0
253332,2.0,2.0
253354,3.0,3.0
253355,3.0,3.0
253356,3.0,3.0
253364,2.0,2.0
253365,2.0,2.0
253366,2.0,2.0
253382,2.0,2.0
253383,2.0,2.0
253384,2.0,2.0
253388,3.0,3.0
253389,3.0,3.0
253391,3.0,3.0
253395,4.0,4.0
253396,4.0,4.0
253398,4.0,4.0
253399,4.0,4.0
253423,4.0,4.0
253425,4.0,4.0
253426,4.0,4.0
253428,4.0,4.0
253432,4.0,4.0
253487,4.0,4.0
253500,4.0,4.0
253506,3.0,3.0
253507,3.0,3.0
253508,3.0,3.0
253511,3.0,3.0
253532,3.0,3.0
253533,3.0,3.0
253534,3.0,3.0
253538,3.0,3.0
253540,3.0,3.0
253541,3.0,3.0
253542,3.0,3.0
253543,3.0,3.0
253544,3.0,3.0
253545,4.0,4.0
253547,4.0,4.0
253607,1.0,1.0
253707,3.0,3.0
253710,3.0,3.0
253711,3.0,3.0
253716,3.0,3.0
253728,4.0,4.0
253729,4.0,4.0
253730,4.0,4.0
253731,4.0,4.0
253737,4.0,4.0
253738,4.0,4.0
253739,4.0,4.0
253740,4.0,4.0
253753,4.0,4.0
253754,4.0,4.0
253755,4.0,4.0
253756,4.0,4.0
253757,4.0,4.0
253758,4.0,4.0
253759,4.0,4.0
253760,4.0,4.0
253761,4.0,4.0
253762,4.0,4.0
253770,4.0,4.0
253771,4.0,4.0
253774,4.0,4.0
253775,4.0,4.0
253776,4.0,4.0
253777,4.0,4.0
253778,4.0,4.0
253779,4.0,4.0
253780,4.0,4.0
253781,4.0,4.0
253782,4.0,4.0
253783,4.0,4.0
253784,4.0,4.0
253785,4.0,4.0
253786,4.0,4.0
253787,4.0,4.0
253788,4.0,4.0
253789,4.0,4.0
253790,4.0,4.0
253791,4.0,4.0
253792,4.0,4.0
253793,4.0,4.0
253794,4.0,4.0
253795,4.0,4.0
253796,4.0,4.0
253797,4.0,4.0
253798,4.0,4.0
253805,3.0,3.0
253810,3.0,3.0
253811,4.0,4.0
253812,4.0,4.0
253813,4.0,4.0
253814,4.0,4.0
253815,4.0,4.0
253821,4.0,4.0
253822,4.0,4.0
253823,4.0,4.0
253824,4.0,4.0
253825,4.0,4.0
253826,4.0,4.0
253827,4.0,4.0
253831,4.0,4.0
253833,4.0,4.0
253868,4.0,4.0
253869,4.0,4.0
253870,4.0,4.0
253871,4.0,4.0
253872,4.0,4.0
253873,4.0,4.0
253874,4.0,4.0
253875,4.0,4.0
253876,4.0,4.0
253877,4.0,4.0
253878,4.0,4.0
253879,4.0,4.0
253880,4.0,4.0
253881,4.0,4.0
253882,4.0,4.0
253883,4.0,4.0
253884,4.0,4.0
253885,4.0,4.0
253886,4.0,4.0
253888,4.0,4.0
253889,4.0,4.0
253894,4.0,4.0
253895,4.0,4.0
253896,4.0,4.0
253899,4.0,4.0
253900,4.0,4.0
253901,4.0,4.0
253902,4.0,4.0
253903,4.0,4.0
253904,4.0,4.0
253905,4.0,4.0
253906,4.0,4.0
253907,4.0,4.0
253908,4.0,4.0
253909,4.0,4.0
253910,4.0,4.0
253911,4.0,4.0
253912,4.0,4.0
253913,4.0,4.0
253914,4.0,4.0
253915,4.0,4.0
253916,4.0,4.0
253917,4.0,4.0
253920,4.0,4.0
253923,4.0,4.0
253925,4.0,4.0
253936,4.0,4.0
253943,4.0,4.0
253944,4.0,4.0
253946,4.0,4.0
253947,4.0,4.0
253949,4.0,4.0
253952,4.0,4.0
253953,4.0,4.0
253956,4.0,4.0
253957,4.0,4.0
253958,4.0,4.0
253960,4.0,4.0
253962,4.0,4.0
253963,4.0,4.0
253964,4.0,4.0
253965,4.0,4.0
253969,4.0,4.0
253970,4.0,4.0
253972,4.0,4.0
253973,4.0,4.0
